,bad_word,severity,,latin
0,مهبول,9,,mahboul
1,جايح,8.4453125,,jayeh
2,زبل,7.25,,zbel
3,خرية,5.5,,kharya
4,الله يلعنك,10,,allah yl3nek
5,بلع فمك,5,,bella3 
6,متخلف,8,,moutakhalif
7,بغل,8.4296875,,bghal
8,مسطاشة,7,,moustacha
9,حمارة,6.25,,hmara
10,عطايا,10,,3ataya
11,حيوان,8,,hayawan
12,وي السلعة,7,,wee sel3a
13,نقتلك,8.171875,,no9tlek
14,تافه,4.5,,tafeh
15,قود,5.515625,,9owwed
16,رخيس,7.890625,,rkhis
17,حمار,7.887695313,,hmar
18,تفو,6,,tfou
19,عاقر,10,,3a9er
20,بلعه,5,,bel3ah
21,مال ربك,10,,mal rebek
22,سمينة,7,,smina
23,خرا,5,,khra
24,مكروهة,,,mekrouha
25,نيك مك,9.75,,nik mok
26,قهوي,9,,9ahwi
27,كعبة,5,,ka3ba
28,بز,,,baz
29,كافي,7.875,,kavi
30,هايشة,5.5,,haycha
31,ساقطة,9,,sa9ita
32,معفون,5,,ma3foun
33,يا الزح,7,,ya zeh
34,متعرف والوا,5,,mate3ref walou
35,معقد,7,,m3a9ed
36,كلب,9.03125,,kelb
37,بغلة,5.5,,baghla
38,خماج,6.25,,khmaj
39,خامج,9,,khamej
40,ينعل والديك,9,,yen3al waldik
41,موسخ,6.25,,mwesekh
42,رخيص,7,,rkhis
43,قحبة,9.2265625,,9ahba
44,حابس,6.375,,habes
45,نحيلك سروال,6,,nahilek serwalek
46,نيك اختك,7,,nik khtek
47,زبي,9,,zbi
48,اخرجلي طابي,10,,okhrjli tapi
49,شماتة,7.5,,chmata
50,ڨليط,5.5,,guelit
51,بلعيه,8,,bel3ih
52,نت متفهمش,6,,nta matfhamch
53,نحرقك,9,,nahargk
54,مقطعة,9.5,,mguet3a
55,جايحة,3,,jayha
56,قودي,8,,9owdi
57,ليك غير القمع,9,,lik ghir l9om3
58,خامجة,6.5,,khamja
59,زرزومية,,,zerzoumia
60,طحان,7.5,,tahan
61,فرخ,6.625,,ferkh
62,مشحاح,5,,mjhah
63,نقش,9.3125,,na9ch
64,قحابجي,9,,9habji
65,فايحة,4,,fayha
66,عطاي,9.59375,,3atay
67,بومبا,6,,bomba
68,بلع,10,,bel3
69,ولد القحبة,5,,weld l9ahba
70,بهلول,5.75,,bahloul
71,منغولي,8,,mongol
72,ديوث,8,,dayouth 
73,كلبة,7,,kelba
74,حقير,4,,ha9ir
75,قليط,7.25,,gelit
76,نقطعك,9.5,,ngt3ak
77,نذبحك,8.5,,nedabhek
78,ينعل,10,,yen3al
79,حايرة,3,,hayra
80,دايرة كيزبي,10,,dayra ki zbi
81,نجي نتفاهم معاك,8,,nji netfahem m3ak
82,سوسيالة,9,,sociala
83,قاعك,,,9a3ek
84,تبنييط,,,tbanyit
85,نيكك,8,,nikek
86,كبول,8,,
87,ترمة,9,,terma
88,يا سي زبي,8,,ya si zbi
89,بوصبع,10,,bousba3
90,مونڨول,10,,mongol
91,الحبة,6,,lheba
92,مك,10,,mok
93,طويل بلا خصلة,3,,twil bla khosla
94,حركي,6,,harki
95,مجلخ,8,,mjelekh
96,مرنكة,5,,mrenka
97,قرد,10,,9erd
98,نعلدين بوك,10,,n3aldin bok
99,تموت على يدي,8,,tmout 3la yedi
100,نعدين باباك,9,,n3adin babak
101,عريضة,10,,3rida
102,مبعر,10,,mba3er
103,فرويتي,5.5,,fruiti
104,زواف,10,,zouwaf
105,تفاش,5,,tefach
106,قحب,10,,9hb
107,نڨعد عليك,8,,neg3od 3lik
108,ملقطة,9,,mlagta
109,نهردك,4,,nahardek
110,متسواش,10,,mateswach
111,مشي مربية,6,,machi mrabiya
112,بلارج,4,,belarej
113,سلوم ليشية,3,,seloum lichia
114,صوصيالة,8,,sociala
115,نيفو با,8,,niveau bas
116,شكامة,8,,chekama
117,نفركعك,9,,nefarg3ek
118,بوهالي,7,,bouhali
119,شينة,5,,china
120,ولد القحبة,10,,weld l9ahba
121,شكام,9,,chekam
122,حلاب,9,,helab
123,درجتيني,5,,derejtini
124,نع دين نهارك,6,,n3adin nharek
125,نعدين بوك,8,,n3adin bok
126,نيك ربك,10,,nik rebek
127,نيكك,10,,nikek
128,كرفة,7,,kerfa
129,عميق,5.5,,3ami9
130,عڨون,7,,3agon
131,خانز,7.75,,khanez
132,نقلعلك يماك,8,,ngla3lek mok
133,نفضحك,8,,nefedhek
134,متشبه لوالو,5,,matchebeh lwalou
135,ڨملة,4,,gamla
136,تحشم,6,,thachem
137,عريانة,7,,3eryana
138,لعور,7,,la3wer
139,عورة,10,,3awra
140,غبي,9,,ghabiy
141,البايرة,3,,lbayra
142,وجه الطاوة,4,,wejh etawa
143,كي الخر,10,,ki lkhra
144,تخورجي معايا,8,,tekhorji m3aya
145,مسمومة,5,,mesmouma
146,نيك سوة تاع مك,10,,nik sowa ta3 mok
147,عليتيني,5,,3elitini
148,تدرج,5,,tedrej
149,تمنييك,3,,tmenyik
150,جلغة,6,,jeghla
151,يالمليح,7,,ya lmlih
152,العبلي بيه,7,,l3abli bih
153,مريول,4,,meryoul
154,معجون,7,,ma3joun
155,شكم,9,,chekm
156,بهيمة,8,,bhima
157,ما تسواش,8,,mateswach
158,ينعل دينك,10,,yen3al dinek
159,ينعل دين امك,10,,yen3al din mok
160,ينعل دين ابوك,10,,yen3al din bok
161,كافيا,3,,kavia
162,ماشي شباب,6,,machi chbeb
163,حاجة فيك ماهي شابة,6,,haja fik mahi chaba
164,بايرة,10,,bayra
165,العاقرة,3,,l3a9ira
166,عاهرة,8,,3ahira
167,عروبي,10,,3roubi
168,مشي ولد البلاد,10,,machi weld lblad
169,ينعل طاسيلة تاعك,9,,yen3al tassila ta3ek
170,تربى,9,,trreba
171,نكرهك,7,,nkrhek
172,درجة,5,,derja
173,يعل,5,,y3el
174,حرايمي,9,,hraymi
175,راس الدلاع,7,,ras edla3
176,اعطينا نيكو,5,,a3tina niko
177,نكففلك,6,,nkefeflek
178,كز,7,,kaz
179,ثكلتك امك,1,,thakilatka omok
180,ولد القاف,10,,weld l 9af
181,ختك,10,,khtok
182,حثالة,7,,houthala
183,معوق,9,,m3awe9
184,وي السلعا,7,,wee sel3a
185,نلحسهالك,10,,nelheshalek
186,ذري,10,,dheri
187,106,7.5,,106
188,نفركتلك الدار,9,,nfrketlek dar
189,نحكمك ,9,,nahkmek
190,قواد,9,,9owad
191,تعلي,5,,T3eli
192,منحرف,5,,monharif
193,زنجي,,,zenji
194,وليد الحرام,10,,wlid lhram
195,رباني,10,,rabani
196,واش هاذ الماتريال,8,,wech had l materiel
197,نيكلك يماك,7,,niklek mok
198,ارواح نتقابضو,2,,arwah net9abdo
199,ن م,8,,kmk
200,صامط,8,,samet
201,بينازة,6,,pinaza
202,عطيني نيميروك,8,,3tini numero
203,طلابة,9,,telaba
204,متشرد,8,,motacharid
205,صوصيالا,9,,sociala
206,قاع كي داير نت,9,,9a3 ki dayer nta
207,رهج,6,,rahj
208,دنفة,3,,denfa
209,نكتلك,9,,nkotlek
210,حلوف,9,,halouf
211,بابا عجينة,7,,baba 3jina
212,حتشون,10,,hatchoun
213,قديم,4,,9dim
214,صايي بزاف,1,,sayi bzf
215,عور,6,,3wer
216,زيرو,7,,zero
217,مبلع,5,,mbela3
218,بف,1,,pff
219,صليب,2,,salib
220,اتربي,3,,traba
221,كلاب,4,,klab
222,رخيسة,6,,rkhissa
223,ممسوخة,6,,memsoukha
224,طوبا,5,,topa
225,فاسدة,7,,fasda
226,متحشميش,6,,mathechmich
227,جبهتك,5,,jebehtek
228,بلعي,6,,bel3i
229,متخلفة,7,,metkhalfa
230,خر,7,,khra
231,مرخس,8,,merkhes
232,شيطانة,6,,chitana
233,فاسقة,8,,fas9a
234,حاشاك,5,,hachak
235,حالوفة,6,,haoufa
236,كسبي,,,ki sebi
237,ياشيات,7,,ya chiyet
238,خانزة,7,,khanza
239,خري,7,,khra
240,حمقاء,6,,ham9a2
241,بيتش,9,,bitch
242,تفوه,7,,tfouh
243,اعق,5,,a3e9
244,ترخفي,9,,tfouh
245,تكذبي,3,,tekedbi
246,روحي,2,,rohi
247,كذابة,4,,kedaba
248,خشتفو,8,,khi cheftou
249,لابوبال,6,,la poubelle
250,كذبة,3,,kedba
251,الخنز,6,,lkhnez
252,فاقو,1,,fa9o
253,تنفخيهم,8,,tenefkhihom
254,السناطح,,,snate7
255,تعيي,5,,t3ayi
256,ميكروب,6,,microb
257,شمطاء,7,,chamta2
258,ماتحشميش,7,,matehchmich
259,تفوو,7,,tfouu
260,ختفو,7,,khtfou
261,الشعر,6,,ech3ar
262,تفوا,7,,tfou
263,ترخف,8,,terkhaf
264,باعو,,,ba3ou
265,الشيتة,6,,chita
266,شيتة,6,,chita
267,مبعرة,8,,mba3ra
268,تبهديلي,7,,tbahedli
269,معتوهة,7,,ma3touha
270,رخيسا,8,,rkhissa
271,نكم,10,,nik 
272,شادي,7,,chadi
273,فايحا,6,,fayha
274,فاجرة,8,,fajra
275,يشويدي,6,,ya chwidi
276,سوكتي اسوكلي,7,,soukti a slougi
277,وجه مقلى,7,,wejh lma9la
278,صليب صليب,4,,salib salib
279,ترقصي مليح,5,,ter9si mlih
280,قبيحة,6,,9biha
281,عقرب,6,,3agreb
282,دايرة مسيحية,4,,dayra massihiya
283,الله يلعن,6,,allah yel3an
284,واش دخلك,6,,wech dakhlek
285,كيلو ماكياج,7,,kilo maquillage
286,وجه الميزيرية,6,,wjeh lmiziria
287,وجه الشر,6,,wjeh cher
288,والله ماتحشمي,4,,wallah matehechmi
289,سيري يالحولة,6,,siri ya lhawla
290,مونيا حمر,6,,mounia 7mer
291,ماشي مربية,7,,machi mrabia
292,ياخي جايحة,7,,yakhi jayha
293,ضعف شخصية,6,,dho3f chakhsiya
294,مزعوقة,7,,mez3ou9a
295,مكبر جبهتك,6,,mkeber jebehtek
296,دراهم يماك,7,,drahem yemak
297,تفوه عليك,7,,tfou 3lik 
298,تباني متحولة,9,,tbani moutahawila
299,انت خرية,7,,nti kharia
300,خرية اتت,8,,kherya enta
301,جرانا,6,,jrana
302,وجه البخس,7,,wjeh lbokhs
303,رنكي,8,,renki
304,الله يدلك,7,,allah ydelek
305,خلاصت حكايتك,3,,khlaset hkaytek
306,شحال تكذبي,4,,chhe tekedbi
307,امنتوها كذابة,5,,amentoha kedaba
308,بلاد القاف,8,,blad l 9a
309,تبقاي رخيسة,7,,teb9ay rkhissa
310,نعناعة,2,,ne3na3a
311,مستوى 00,4,,moustawa 00
312,تستهلي كتر,3,,testahli ktar
313,تعيي,4,,t3ayi
314,الى المزبلة,5,,ila lmizbala
315,ريوڨ ,7,,ryoug
316,الخوف يهدر,5,,lkhof yahder
317,ختفو عليك,7,,khtfou 3lik
318,كذابة ثاني,5,,kedaba tani
319,كلي خرى,7,,kouli lkhra
320,روحي ت,8,,rohi tt
321,نمي,9,,nami
322,روح تعطيه,10,,rohi ta3tih
323,شحال متعجبينيش,4,,chhel mate3jbinich
324,شحال متعجبنيش,4,,chhel mate3jebnich
325,روحي تع,9,,rohi ta3
326,تفو عليكم,6,,tfou 3likoum
325,كبير وجايح,7,,kbir w jayeh
328,كبير وتكذب,7,,kbir w tekdeb
329,قيو,6,,9iwww
330,هاني نريڨ,5,,hani nriyeg
331,كبيرة وجايحة,5,,kbira w jayha
332,تفو عليك,7,,tfou 3lik
333,جبهتك صافا,7,,jebehtek cv
334,الله يذلك,6,,allah ydellek
335,ماشي مربيا,7,,machi mrebia
336,روحي ادوري,6,,rohi dori
337,نتي خرا,7,,nti khra
338,مزلك تكذبي,4,,mazalek tekedbi
339,بلعاطة,4,,bel3ata
,,,,
340,مكبوتا,7,,mekbouta
341,وجها مطلص,6,,wjeh mtalas
342,تفوه رخيسة,8,,tfoh rkhissa
343,تکذبي,5,,tekedbi
344,ياو فاقو,4,,yaw fa9o
345,ياو قيو,4,,yaw 9iw
346,باه يترباو,3,,bah yetrebaw
347,عيب عليك,5,,3ib 3lik
348,وجه صحيح,4,,wjeh s7i7
349,مكبوت,6,,mekbout
350,دايرة كي,6,,dayra ki
351,نحتشون يماك,10,,nihatchoun yemak
352,سوتك الخامجة,10,,sowtek khamdja
353,يعطيهالك ,10,,ya3tihalek
354,خامجة وفرات,8,,khamdja w frat
355,باختصار رخيصة,8,,bikhtisar rkhissa
356,نقصة تريية,6,,na9sa tarbiya
357,شبهة السطل,7,,
358,جهناما تكلك,7,,jahanama taklek
359,نعراص تاعك,8,,
360,يا سوسيال,8,,ya social
361,انتي 0,6,,nti 0
362,ياوجه كاويتشو,7,,ya wjeh kawitchou
363,علاه تكذب,5,,3leh tekdeb
364,سوق لخماج,5,,sog lkhmaj
365,ترباي,3,,trebay
366,واش تحلبتي,5,,wech thelebti
367,ياخي طالوشة,6,,yakhi taloucha
368,انتي شيطانا,7,,nti chitana
369,انعدين باباك,8,,yn3adin babak
370,لجبري لتحلاب,7,,ljebri ltehlab
371,تستاهلي كلبتي,7,,testahli kelbti
372,وجهك كي,5,,wejhek ki
373,افضحي النقوشه,10,,afedhi n9oucha
374,متكذبيش يالكذابة,6,,matekedbich ya lkedaba
375,المغتصب خصو الاعدام,3,,lmoughtasib khoso I3dam
376,ماشي مسلمة,8,,machi muslima
377,انصحي روحك,,,neshi rohek
378,كافيا تاع الصح,,,kavia tae sah
379,غول مشي مربيا,,,ghoul machi mrebiya
380,وجهك صحيح تهدري,,,wejhek shih tahadri
381,عذاب القبر نسيتيه,,,3adab l9abr nsitih
382,نتيا مرة نتي,,,ntia mra nti
383,فرحانة بروحك,,,ferhana brohek
384,شكون لي رخيسا,,,chkoun li rkhissa
385,مريضة نفسيا مسكينة,,,malade mental meskina
386,لقصاص نطبقو عليك,,,l9issas ntab9ou 3lik
387,ترباي نتيا برك,,,trebay ntia berk
388,ربي يهديك ياموسطاشة,,,rabi yahdik ya moustacha
389,ادي جبهتك وحكايتك,,,di jebehtek w hkaytek
390,نتي واش دخلك,,,nti wech dekhlek
391,لازم توزني كلامك,,,lazem towezni klamek
392,بالعي فمك,,,bel3i fomek
393,جبهة كي سرالها,,,jebha ki sralha
394,مانحملهاش هاذ المخلوقة,,,manehmelhach had l makhlou9a
395,حشمي,,,hachmi
396,امشي اتحجبي وترباي,,,mchi thedjbi w trebay
397,فمك جبهتك قدقد,,,fomek w jebehtek 9ed 9ed
398,قبح الله وجهك,,,9aba7 lahou wajhak
399,وحد منهم نتيا,,,wa7ed menhoum nti
400,بهدلتينا يا طلابة,,,behdeltina ya tellaba
401,نت وحادة مهبول,,,nti we7da mehboula
402,مانسحقوش لي يربينا,,,mans7a9ouch li yrebina
403,نتي هيا امريدا,,,nti hiya lmrida
404,شكون هاد جرانة,,,chkoun had jrana
405,تجمعي وماكيش حاشمة,,,tjem3i w makich hachma
406,ترخف انت وهي,,,terkhef nta w hiya
407,انتي انسانة مكروها,,,nti insana makroha
408,يالبدوية,,,ya l bedwiya
409,عندها جبهة التحرير,,,3endha jebhet ta7rir
410,وتزيد تكذب,,,wtzid tekdeb
411,من هذا البوكمون,,,man hada lpokemon
412,بوجبهة مكاموفليا بالشعر,,,boujebha mkamouflya bch3ar
413,تكذبي وبزاف تاني,,,tkdbi w bzf tani
414,جبهتك والكل يضحك,,,jbhtk wlkoul yd7k
415,تروحي ماشي خير,,,tro7i machi khir
416,اعقاقي طلعي القلب,,,e3e9 tel3i lgelb
417,شكون الطحانين لعرضوها,,,chkoun t7anin li 3ardoha
418,روحي تخري بعيد,,,rohi tkhray b3id
419,في سلة المهملات,,,fi sallat lmouhmalet
420,تفوه وجه الشر,,,tfou wjeh cher
421,الجزاير مرحاض فرنسا,,,dzayer toillete franca
422,قيو الزلط واعر,,,9iw zlet wa3er
423,الله لاتربحك نشالله,,,lah la treb7ek nchlh
424,بركاي بلاكدب اف,,,bekray bla keb ef
425,روحي تلعبي بعيد,,,ro7i tl3bi b3id
426,ادي حكايتك بعيد,,,edi 7kaytek b3id
427,خريه مهما بررتي,,,kherya mahma berrerti
428,قييو راهم فاقو,,,9iw rahoum fa9ou
429,امشي تخراي بعيد,,,emchi tkhray b3id
430,مزالك عايشة الجبهة,,,mazalek 3aycha ljebha
431,الزبلة درتولها الشان,,,zebla dertoulha chan
432,نحي اعلينا لخمج,,,n7i 3lina lkhmaj
433,بودماغ شوشا تاعك,,,boudmagh choucha ta3ek
434,وتزوجها مسكينة بارت,,,wtzwjha mskina baret
435,ياو فاقو نعناعة,,,yaw fa9ou ne3na3a
436,يخي خرية يخي,,,ykhi kherya ykhi
437,اضربو يعرف مضربو,,,edrbou y3rf mdrbou
438,اتفه مخلوقات الجزاير,,,atfah markhou9at jazayer
439,الجبهة تاعك ختيتو,,,jebha ta3ek khtitou
440,كاين المرخس بزاف,,,kayen mrkhs bzf
441,لا نحتاج امثالكي,,,la nahtaj amthalaki
442,متحشميش وجهك صحيح,,,mathchmich wjhk s7i7
443,طز فى وجهك,,,toz fi wjhk
444,راهم فاقو طز,,,rahoum fa9ou toz
445,فاقو احكيها لبيبيط,,,fa9ou e7kiha l bibit
446,كذابة على الشعب,,,kdaba 3la cha3b
447,حكام العسكر الخبيث,,,7oukam l3askar lkhabit
448,سو تاع امك,,,souwa ta3 mok
449,يحق راص تاعك,,,ye3e9 ras ta3ek
450,يحبو نيكو معليش,,,y7bou ynikou m3lich
451,اعطيلهم ونحيلهم الكبت,,,a3tilhoum w n7ilhoum lkoubt
452,برتي برابي نشاله,,,borti brbi nchlh
453,حشا خلق ربي,,,7acha khel9 rbi
454,ياودي انت هيشة,,,ya wdi nti haycha
455,يا خي مهرجهة,,,yakhi mouharja
456,خامجة خماج تفواا,,,khamja khmaj tfou
457,تفو خماج وشكرا,,,tfou khmaj wa choukran
458,نتيا نسيتي روحك,,,ntiya nsiti ro7ek
459,نحكمها نفعل فيها,,,n7kmha nf3l fiha
460,حلبوها ولات تكبر,,,7elbouha wlat tkbr
461,20 دورو مصدي,,,20 doro msdi
462,انت حاشاك والسلام,,,nti 7achak w salem
463,قادري روحك يالالا,,,9adri ro7ek ya lala
464,الله لا تربحك,,,lah la treb7ek
465,عروس الزيڨوات,,,3rous zigouwat
466,انسانة مهيش متربية,,,insana machi mrbya
467,القصاص يطبق عليك,,,l9assas youtaba9 3lik
468,دير كلو مكيج,,,dirou kilou maquillage
469,الجزايري نقش كبير,,,ljazayri no9ch kbir
470,ڨالتها جبهتك جبرية,,,galetha jebhet ta7rir
471,بقداه تبات الليلة,,,b9dah tbet lila
472,وشبيه هذي تخلط,,,wchbiha hadi tkhalat
473,ما ممربياش طفلة,,,mamrbiyach tofla
474,التبهدايل كامل عندها,,,tbehdayel kamel 3ndha
475,منيا غير متربية,,,mounia machi mrbya
476,متستاهلش الرد اصلا,,,matstahelch rad aslan
477,خلينا من القح,,,khelina men l9a7
478,كنت نحبك بصح كرهت,,,khount nhebek bs7 krhtk
479,شحال نكرهها تشبه للحلوف,,,chehal nkrha tchbh lel7louf
480,حبهت تحرير اعطيناكي عهدا,,,jebhet ta7rir a3taynaki 3ahda
481,هدري نيشان يا العڨونى,,,hadri nichen ya l3gouna
482,واش حسبة روحك ويلا,,,wch 7asba rohek wa9ila
483,الكحل ديرة حتى الوذنه,,,lkhel dir 7ta wdenha
484,سمحيلي بصح قمح مشرك,,,smhili bs7 fmk mchrk
485,روحي ترقدي على روحك,,,ro7i trgdi 3la ro7ek
486,عندها الحق شعب جايح,,,3ndha ha9 che3b jaye7
487,علاه تهدر هك تعي,,,3lh thdr hak t3yi
488,مالكي تعوجي في فمك,,,malki t3wji fi fmk
489,ريحا تعدم الشعب الجزايري,,,ray7a t3dm cha3b ljazayri
490,تبهدلي ياوحد الحلوفة الكافرة,,,tbhdli yaw7d l7loufa lkafra
491,نتي هيا كيف كيف,,,nti hiya kifkif
492,فمك كثر من جبهتك,,,foumouk kter mn jbhtk
493,حلابين الله غالب متفهموش,,,hlabin lah ghaleb matfhmouch
494,مسكين راح تروح للحبس,,,meskine ra7 tro7 lel hebs
495,علاه انتي راكي مسلم,,,3lah nti raki muslim
496,جبهة زطل كيلو ورطل,,,jebha ztel kilou wrtel
497,وجهك روشي صحيح تفو,,,wejhek rouchi s7i7 tfou
498,هاد وجه يريق عليه,,,had wjeh yriyeg 3lih
499,كلمة حيوانات شويا صعيبة,,,klmet 7ayawanet chwiya s3iba
500,او هي نسات روحها,,,ou hiya nset ro7ha
501,هنا شحال غشيتك بزاف,,,hna chehal ghchitek bzf
502,لابسة صليب في صدرك,,,labsa salib fi sedrek
503,عندك راس تاع دواب,,,3endek rass ta3 dweb
504,باينة كانت جيعانة وشبعت,,,bayna kanet ji3ana wchb3t
505,ربي روحك مسحقينالكش تربينا,,,rebi ro7ek ms79inalekch trbina
506,لحم رخيس حلبات براني,,,l7em rkhis 7elbat lberrani
507,الغباء لو كان انسانا,,,lghaba koun ja insan
508,تعوج فمها يخي خمبلوشة,,,t3wj foumha ykhi khembloucha
509,واشكون انت يا حلوف,,,wchkoun nta ya l7louf
510,واش خامج في هضرتها,,,wch khamja f hadretha
511,جبهتك وسركاجي كيف كيف,,,jebhtek w serkaji kifkif
512,خرية ناطقة حاشا الناس,,,kherya nati9a hacha ness
513,مازالكي دوري انا كرهتك,,,mazalki dori ana krhtk
514,وجهك صحيح يا متعجرفة,,,wjhk shih ya mouta3ajrifa
515,امشي قلبي وجهك برك,,,emchi 9lbi wjhk brk
516,شيطان في صورة انسان,,,chitan fi sorat insan
517,اعطيني وجهك نكذب بيه,,,a3tini wejhek nekdeb bih
518,تفو وجهك صحيح متحشميش,,,tfou wejhek shih mat7chmich
519,راكم صامطين جماعة 16,,,rakoum samtin jma3et 16
520,تباني غير تاع بيبة,,,tbani ghir ta3 pipa
521,وشكون لسامع بيك مبعرة,,,wchkoun li same3 bik mba3ra
522,الخرية هادي راح تفر,,,lkherya hadi ra7 tekfer
523,التاريخ مايرحمش ماعندك ماتبرري,,,tarikh mayr7mch ma 3ndk ma tbrri
524,اف انتي امراى تافها,,,ouf nti mra tafha
525,اخ تفوه لوجه الصحيح,,,akhtfou lwjeh s7i7
526,تكذبي خلاص مات الحوت,,,tekedbi khlas mat l7out
527,قيو اوهوه فاقو بيك,,,9iw aw fa9ou bik
528,مونيا ڨاع منحبوكش صح,,,mounia ga3 manhaboukch sa7
529,دبري حرفا خيرلك كرهتك,,,debri 7erfa khirlek krhtk
530,غباء مزمن مرض العصر,,,ghaba mouzmin marad l3asr
531,روحي تخراي معليش كذابة,,,ro7i tkhray maalich kedaba
532,مازال الريوق اسيلو من,,,mazal ryoug ysilou men
533,اعطوك اكثر من حجمك,,,3tawek aktar men 7ajmek
534,روحي سايي زهرك بعيد,,,ro7i siyi zahrek b3id
535,يو تكدب وتزيد تكدب,,,yaw tekdeb wtzid tekdeb
536,حالة الجيعان كي يشبع,,,7alet lji3an ki yechbe3
537,جبريا كافيا تبقاي كافيا,,,jebriya kavia teb9ay kaviya
538,ياو خلاست عليك مال,,,yaw khlasset 3lik mal
539,ربي اذلك مزالكي تكذبي,,,rbi ydelek mazalki tkdbi
540,وجه الطاجين,,,wjeh tajib
541,نتي من بكري فايحة,,,nti men bekri fayha
542,شحال تكذب وجها صحيح,,,chhel tekdeb wjeha s7i7
543,همعليش وكيلك ربي برك,,,maalich wkilek rbi brk
544,روحي يا وجاه زاك,,,ro7i ya wjeh zok
545,ياو قيو فاقو بيك,,,yaw 9iw fa9ou bik
546,كذابه رقعي القعره كبيره,,,kedaba re93i lgo3ra lkbira
547,مليح القزول يا محاينك,,,mli7 l9ezoul ya mhaynek
548,واش يا المكبوتة شوية,,,wach ya lmekbouta cv
549,قولي والله يخي يخي,,,gouli wlh ykhi ykhi
550,الوقاحة في ابشع صورها,,,lwa9aha fi abcha3 sowariha
551,اشحال منحبهاش هاذ المعزة,,,chehel manhabech had lme3za
552,ماعندك ماتحكي عفناك تفو,,,ma 3endek ma thki 3efnek tfou
553,وجهك صحيح يا المخلوعة,,,wejhek s7i7 ya lmekhlou3a
554,بف زيڨو راه يهدار,,,pff zigou rah yahder
555,ما تحشميش على روحك,,,mathchmich 3la rohek
556,خستتني درجة نتاع سكالي,,,khstni derja ta3 skali
557,ماتاطولهاش قيمة هاذي مثل,,,matolhach 9ima hadi mithl
558,لا تجعلوا الحمقى مشاهير,,,la taj3alou l7am9a machahir
559,روحي تلعبي اوجه الطواليت,,,rohi tl3bi wjeh toillette
560,هذي مالقاتش لي يلوحهولها,,,hadi mal9atech li lyou7houlha
561,واش راكي حسبا روحك,,,wch raki hasba rohek
562,وش حاطا روحك باخصة,,,wch hata rohek bakhsa
563,هادي ديجا مشي بنادم,,,hadi deja machi bnadem
564,مكيش مربيا تزوخي بدراهمك,,,makich mrebya tzoukhi bdrahmek
565,كي نلصڨك نطير عليك,,,ki nles9ek ntir 3lik
567,عيدارية يا بنت الحركي,,,3idariya ya bent l7arki
568,روح يبغلة كيشغل انسان,,,ro7i ya lbeghla kichghoul insan
569,رخيسا مكيش بنة دزااير,,,rkhisa makich bent dzayer
570,فرطاسة ولا تعرف تقصف,,,fertassa wla t3rf t9sf
571,جبهتها قداه تحسب تيمومة,,,jebhetha gdah t7sb timouma
572,والله ما يوڨفلي عليك,,,wlh mayougfli 3lik
573,هذي شحال عندها ماحففتش,,,hadi chehal 3ndha ma7fftch
574,استري روحك يا جايحة,,,ostri ro7ek ya ljayha
575,وجهك عڨبة وانا عيت,,,wejhek 3egba wana 3yit
576,هذه المسخوطة مريضة نفسيا,,,hadi maskhota mrida nafsiyan
577,ق ح ب ة,,,9 a h b a 
578,روحي تزوجي وحد بايرا,,,ro7i tzwji yawa7d lbayra
579,هدي واش حاسبة روحها,,,hadi wch hasba ro7ha
580,الصح يحرحر يا بوسروال,,,sa7 y7ar7ar ya bouserwal
581,بينا ملقيتش ليكسرك الترما,,,bayna magitch li ykeserlek terma
582,احذرو منها اصلها ياهودية,,,i7darou menha slha yhoudiya
583,احذر منها اصلها يهودية,,,i7darou menha slha yhoudiya
584,نتي شكون يشوف فيك,,,nti chkoun ychouf fik
244,تعقق,,,t3a9e9
278,قاعها,,,9a3ha
279,عيدارية,,,3idariya
280,حشرة,,,hachara
281,خراية,,,kheraya
282,مخلوعة,,,mekhlou3a
283,تعيف,,,t3yf
284,خانزا,,,khanza
285,عقون,,,3egoun
286,جاهلة,,,jahlla
287,جاهل,,,jahel
288,نعطيزمها,,,na3tizomha
289,كيدايرة,,,kidayra
290,اسكتي,,,eskti
291,يهودية,,,yhoudiya
292,تعي,,,t3yi
293,فاجره,,,fajra
294,هبلتونا,,,hebeltouna
295,كداب,,,kedab
296,خامجا,,,khamja
297,بوفياصة,,,boufyasa
298,بهدلونا,,,behdlouna
299,ومك,,,wmouk
300,خماجة,,,khamja
301,الخامجة,,,elkhamja
302,عجوزة,,,3jouza
303,متحشمش,,,mathchmch
304,تستاهلو,,,testahlou
305,خنز,,,khnez
306,يهود,,,yhoud
307,ديڨاج,,,degage
308,ميكروبات,,,microbat
309,خردة,,,khourda
314,عقرب,,,3agreb
323,حمر,,,7mer
347,صح دلاعة,,,sa7 dela3a
349,ريوڨ,,,ryoug
361,خامجة,,,khamja
395,اانتي 0,,,nti 0
402,النتي شيطانا,,,nti chitana
409,جبهة الصطل,,,jebhet stal
410,خصها سقلة,,,khesha se9la
411,هذا مسخوط,,,hada maskhot
412,تفوه بهدلتن,,,tfou behdeltna
413,مهبولا جديده,,,mehboula jdida
414,روحي تعطي,,,ro7i ta3ti
415,مرضة هاذي,,,mrida hadi
416,نسميها عاق,,,nsmiha 3e9
417,جيعانة وتحلبتي,,,ji3ana wt7lbti
418,يابرد واجه,,,
419,يا المعزة,,,ya me3za
420,شوفي رحك,,,choufi ro7ek
421,يخي هجال,,,ykhi hejala
422,مسكينة تغيد,,,meskina tghid
423,يا قحبة,,,ya 9a7ba
424,فوزافي لادال,,,
425,ما تحشمش,,,ma tehchemch
426,تعيفي اع,,,t3yfi a3
427,هذي بيتش,,,hadi bitch
428,ناقص تربي,,,na9es terbiya
429,روحي تلعبي,,,ro7i tetel3bi
430,تفو خنز,,,tfou khnez
431,نقبضك نطرطقك,,,negebdek ntertgek
432,يا داندو,,,ya dandou
433,متبرجة زانية,,,moutabarija zaniya
434,نتيا خرية,,,nti kherya
435,امشي طعطي,,,emchi ta3ti
436,ماشي متربية,,,machi metrebya
437,تعيفي امجبها,,,t3yfi amjebha
438,طاحت بيك,,,ta7et bik
439,وجه الطوطة,,,wjeh tota
440,مغرورة زواخة,,,meghroura zouwakha
441,انقرضو يالزح,,,in9aridou ya zeh
442,الله ابهدلها,,,lah ybehdelha
443,واش مانيكوش,,,wech manikouch
444,قليلة الحياء,,,9lilet 7ya
445,هذه يهودية,,,hadi yhoudiya
446,وجه تمساح,,,wjeh timsa7
447,حبة خرى,,,7eba khra
448,راكي طحانة,,,raki te7ana
449,تاع جهك,,,ta3 wejhek
450,خلاصلها لبوز,,,khlaselha lbeuz
451,زيد وحدة,,,zid we7da
452,خلاصلها البوز,,,khlaselha lbeuz
453,سوا,,,souwa
454,رااحت الاخلاق,,,ra7et lakhla9
455,خصارا عليك,,,khsara 3lik
456,كرهناك يا,,,krahnak ya
457,اوطيحت اومعد,,,
458,تحبوا لفتنة,,,t7ebou lfitna
459,يخي مراض,,,ykhi mrad
460,فاجرة كبيرة,,,fajra kbira
461,البراءة الخداعة,,,lbaraa kheda3a
462,لكان معاهابصحته,,,lkan m3aha bsa7teh
463,يمكن مفبرك,,,youmkin moufabrak
464,تستاهل ورخيسة,,,testahel w rkhisa
465,بشري مثقوبة,,,bechri meth9ouba
466,كانت سكرانة,,,kanet sekrana
467,بيانو خامجة,,,piano khamja
468,خامجة ماتسواش,,,khamja mateswach
469,نعديين باباك,,,na3din babak
470,مزالكي قديمة,,,mazalki 9dima
471,فنانو الفسق,,,fananou lfous9
472,يروجو للماسونية,,,yrowjou lel masouniya
473,وزارة العهر,,,wizarat l3ohr
474,حكومة الشكوبي,,,houkoumet chkoupi
475,مخاصناش تفيش,,,makhesnach tfich
476,اكبر مرخص,,,akbar merkhes
477,مطبع ومشعوذة,,,moutabi3 w moucha3wida
478,منحتجوش الفوحة,,,manhtajouch lfouha
479,زيزو زيزو,,,zizou zizou
480,ابناء الحركة,,,abnaa lharka
481,فيلم لڨية,,,film legya
508,مليحة ليها فيكتورين,,,mliha liha victorin
518,وتزيد تكذب,,,wtzid tekdeb
538,جبهة التحرير الوطني,,,jebhat ta7rir lwatani
584,غير متربية,,,ghir metrebya
587,عندها الحق ماتحشموش,,,3endha l7aç mathchmouch
588,خر ياو فاقو,,,khra yaw fa9ou
589,راهو خرج فرعون,,,rahou khrej fer3oun
590,معندکش رجال نتی,,,ma3ndkch rjel nti
591,روحي يصفرلك الوجه,,,ro7i yseferlek wejhek
592,مي مريضة هاذي,,,mais mrida hadi
593,نع دين باباك,,,na3din babak
594,هكدا ماحشمتي ماخفتي,,,hakda ma7chmti makhoufti
595,وجعتيلي راسي بهلولة,,,wj3tili rassi bahloula
596,هاذي مريضة نفسيا,,,hadi mrida nafsiyan
597,من هاذا البوكيمون,,,man hada lpokemon
598,فيمينست زب,,,feminist zeb
599,القصاص يطبقوه عليك,,,l9assass yteb9oh 3lik
600,امراة وبقرا و404باشي,,,mra w bgra w 404 bachi
601,مسكينة خلي تحلم,,,meskina kheli te7lem
602,عندها لحق حلابين,,,3enha l7a9 helabin
603,حاشى خليقت ربي,,,hacha khli9et rebi
604,يا بو جبهة,,,ya bou jebha
605,لالا حجون يماك,,,lala hechoun yemak
606,كافية ناتنة تفوه,,,kaviya natna tfou
607,روح اغسل وجهك,,,ro7 eghsel wejhek
608,باختصار ياخي حمارة,,,yakhi hmara
609,هاذي خسها مسطااش,,,hadi khosha moustache
610,ڨاع فاتو عليك,,,ga3 fatou 3lik
611,حشارا وخصار فيك,,,hchara w khsara fik
612,والله لرجال ومتشبهيش,,,wlh lrjal w matchbhich
613,نوريلك تعقان تاعك,,,nwerilek te3gan ta3ek
614,ياخي حابسة,,,yakhi habsa
615,شكيط تقعدي شكيط,,,
616,روحي سقمي فمك,,,rohi segmi foumek
617,هاذي شكون جيفة,,,hadi chkoun jifa
618,والله راكي مخلوعة,,,wlh raki mekhlou3a
619,يا واحد الجاهلة,,,ya whd ljahla
620,تخرا الدونتيفريس بالاك,,,tekhra dontifris balak
621,مشي متربية نتي,,,machi metrebya nti
622,انت واش تكوني,,,nti wach tkouni
623,عليها قعدت بايرة,,,3liha ge3det bayra
624,انسوها تطفى وحدها,,,ensouha tetfa whdha
625,نحكمو قلویك الفایحین,,,nehkmou 9lawik lfayhin
626,وانت شكون یالبهلول,,,wnta chkoun ya lbehloul
627,حشرة ما تقيموهاش,,,hachara mat9ymouhach
628,كدابة,,,kedaba
629,والله ما تحشمي,,,wlh ma thchmi
630,تشبه لفتحي رويال,,,tchbhi l fthi royale
631,خصها واحد عريض,,,khesha wa7ed 3rid
632,من بكري زواخة,,,men bekri zewakha
633,نتحداك تنحي لمكياج,,,nethedak tnehi l maquillague
634,خطاك انتيا بڨرا,,,khtak nti begra
635,ياخي شادي ياخي,,,yakhi chadi yekhi
636,يا وحد الفايحة,,,ya wahd lfayha
637,ياخي قديمه ياخي,,,yakhi 9dima yakhi
638,نتي تلحقي شعب,,,nti tl79i che3b
639,روحي نحي مكياج,,,ro7i n7i lmaquillage
640,ياخي باشعة ياخي,,,yakhi bach3a yakhi
641,هذي كرطون ومايعرفهاش,,,hadi kartona w may3rfhach
642,جبهتك قد مستغانم,,,jebehtek 9ed mosta
643,ديتها في قاعك,,,ditha fi 9a3ek
644,كي دايرة تفو,,,ki dayra tfou
645,نتي كيلوط خنز,,,nti kilot khanez
646,قاعك انت تاني,,,9a3ek nti tani
647,الجلاخ ,,,jelakh 
648,بلعي فمك ,,,bel3i foumou
649,دبان يتبع الخرا,,,deban ytebe3 lkhra
650,تعطي,,,ta3ti
,,,,
652,فاسق,,,fase9
653,راكي في ڨعري,,,raki fi go3ri
654,بلا بلا ,,,bla bla 
,,,,
656,خبشيها,,,khebchiha
657,هذي عنده اولد,,,hadi 3ndha wled
658,قمة العهر وفسق,,,9imat l3ohr wal fos9
659,هادي هك واو,,,
660,ضربتي صاروخ,,,drebti saroukh
661,خامجة ولله متحشمي,,,khamja wlh mathchmi
662,يعطيك صخطة تصخطك,,,ya3tik sakhta tskhtk
663,انتحرى,,,ntahri
664,يستهلو اخطر حلبين,,,ystahlou akhtar helabin
,,,,
666,يا خاه خماج,,,ya khah khmaj
667,فايحة ,,,fayha
668,كرهتك,,,krahtek
669,هذيك فنان العار,,,hadik fenan l3ar
,,,,
671,الله يصفر وجهك,,,lah ysefer wjhk
672,اراذل,,,aradil
673,الميكروبات,,,almikrobat
674,الزبل,,,zbel
675,ديڨاج,,,degage
676,ينبحو,,,ynbhou
677,الفظلة,,,lfadla
,,,,
679,العطايا,,,l3taya
,,,,
731,منحبوكش,,,manhaboukch
743,وجه الطاجين,,,wjeh tajin
751,المكبوتة,,,mekbouta
787, ندزهولك,,,ndezhoulek
788,ماترياليست,,,matrieliste
,,,,
790,رخيصا,,,rkhissa
791,خرية ضاربة فيها الشمس,,,kherya darba fiha chems
792,يحرقوها,,,yahrgouha
793,مخلوعة,,,makhlou3a
794,عيشة راجل,,,3icha rajel
795,المقدمة تاعك تاع 19,,,lmou9adima ta3ek ta3 19
796,ماعندهاش انوثة ,,,ma3ndhach ounoutha
797,بغولة,,,bghoula
,,,,
,عييتينا,,,3iyitina
,,,,
,,,,
,,,,
803,قداه جبهتك ,,,9deh jebhtek
804,غير سكتي  ,,,ghir eskti
805,رخاص,,,rkhass
806,لبوندة,,,lbonda
,,,,
808,تشبه لطوبا,,,tchebeh ltoba
809,وجهها 90 غير مكياج,,,wjehha 90 ghir maquillage
810,منتنة,,,mentna
811,مغرورة,,,maghrora
812,سوتك راهي تاكل فيا,,,souwtek rahi takoul fik
813,عار,,,3ar
814,ناكوك ماخلصوكش,,,nakouk w makhalsokech
815,شياطين,,,chayatin
,,,,
817,تنحي مكياچ تولي فغول,,,tne7i maquillage tgoul feghouli
818,الباشعة يا القارصة,,,bach3a ya l9arsa
819,هاذي راجل ولا مرى,,,hadi rajel wla mra
820,حشون يماك وجه الشعر,,,hechoun yemak wjeh ch3ar
,,,,
821,عرة,,,3ora
822,ماتسوايش,,,matswayech
816,بزقة,,,bez9a
,,,,
823, الحية,,,l7iya
,,,,
825,دايرة كي حبة باتانجال,,,dayri ki 7eba batenjal
826,بلع,,,bela3
827,باباك راجل ولا واش,,,babak rajel wla wech
828,بهلول روح تعطی,,,behloul ro7 ta3ti
829,نريڨو على جبهتك,,,nriygou 3la jebehtek
,,,,
,,,,
,,,,
833,خصك الزيبمباب,,,khosek ezimbab
,,,,
,,,,
836,زيزتك,,,ziztek
837, الاحمق,,,a7ma9
838,الحيوان,,,hayawane
,,,,
,,,,
841,جرانة,,,jrana
,,,,
,,,,
839,فايحة,,,fayha
,,,,
843,تعيف,,,t3eyef
,,,,
,,,,
,,,,
,,,,
848,خامجة,,,khamja
,,,,
,,,,
851,ختك,,,khtek
852,طيحتلكم,,,teyhetelkoum
,,,,
854,عيب,,,3ib
855,هبلت,,,hbelt
856,راعية,,,ra3ya
,,,,
,,,,
,,,,
860,حلابين,,,helabin
,,,,
,,,,
863,ماشي مربية,,,machi metrebya
,,,,
865,مصيبة,,,mossiba
,,,,
,,,,
868,ليميلحقش العنب يقول قارس,,,li mayl79ch lel 3neb ygoul 9ares
869,فاسقة,,,fas9a
870,الله يذلك,,,lah ydelek
871,منافقين,,,mounaf9in
,,,,
873,خسارة فيه,,,khsara fih
874,ابواق الشيطان,,,abwa9 chaytan
,,,,
876,الماسونية,,,masouniya
877,الرخاس,,,rkhas
878,العصابة,,,3isaba
,,,,
880,يهودية,,,yahoudiya
881,متحشم,,,mathchm
,,,,
883,النجاسة,,,najasa
884,الدعارة,,,da3ara
,,,,
886,الشمايت,,,chmayet
887,خماج,,,khmaj
,,,,
889,نتاع غبرة,,,nta3 ghobra
,,,,
891,العاهرات,,,3ahirat
892,اشرب دموا,,,nchrb demou
893,منحرف,,,moun7arif
894,قوس قزح زنا,,,9aws 9ouzah zina
895,بني منقاش,,,bni men9ach
,,,,
,,,,
,نقواش,,,nwa9ech
,,,,
0,يشبه لفرشيطة,,,ychebeh lel ferchita
1,تقول نخمة,,,tgoul nekhma
2,تقول باسينة ماشي بنادم,,,tgoum bassina machi bnadem
3,لا,,,la
4,كبير و جايح,,,kbir w jayeh
4,كلام فاحش,,,
6,العربي كحل الراس,,,l3arbi k7el rass
7,ديك لخليقة سمله الرحمن الرحيم,,,
8,You sound like a boy,,,
9,محشمتيش و درتيهم هذا التصاور عجبتك روحك زعما,,,
10,قبايلي,,,9bayli
10,قصير,,,9sir
10,سمين,,,smin
10,بو نواضر,,,bou nwader
10,فاملات,,,famlet
11,ارقاق امبعد اعطي رايك,,,ergag wmb3d a3ti rayek
11,,,,
13,عمية,,,3emya
13,مبلڤة,,,mbalga
13,لاطاي بوراكة,,,laday boureka
13,يجي ريح يهزك,,,yji rih yhezek
13,راس الدلاعة,,,ras dela3a
13,لاطاي ضرسة,,,laday dersa
13,كونطر بلاكي,,,contre plaki
13,بطاطا خشينة,,,batata khchina
13,شعرك اجاكس,,,cha3rek ajax
13,نڤريطة,,,negrita
13,جبهة زيدان,,,jebhet ziden
13,زنجية,,,zenjiya
13,دروغبا,,,drogba
13,رقيقة ستيلو,,,rgiga stylo
13,ميكسور,,,mixeur
13,عينين الذبانة,,,3inin debana
13,شعرك هيدورة,,,cha3rek hidora
13,بالعسل مجوزش,,,ble3sel mayjouzech
13,ثقيل زدرة,,,th9il zedra
13,عندها حبس في فمها,,,3endha hebs fi foumha
13,طويل سلوم,,,twil seloum
13,جبري,,,jebri
13,بوهيوف,,,bouhyouf
13,ڤبلي,,,gebli
13,داير كالعص,,,dayer kil3os
13,مية و ستة,,,mya w setta
13,حاط روحو خرية كبيرة,,,hat roho kherya kbira
13,وجهها طابلو,,,wjeha tableau
13,غولة,,,ghoula
13,دايرة كالضفدع,,,dayer ki difda3
13,عندو حمار صغير فراسو,,,3endou hmar sghir fi rasou
13,يبان خرج من قاع الهامور,,,yben khrej men 9a3 lhamor
13,هجالة,,,hejala
13,كرينج,,,cringe
13,سمينة كيكوطة,,,smina kikota
14,خباش,,,khebach
14,ادبي,,,adabi
14,مزابي مشحاح,,,mzabi mechehah
14,بڤرة,,,begra
14,يضل يرهج,,,ydal yerhej
15,P Diddy,,,P diddy
15,hmar,,,hmar
15,mdapress,,,mdapress
15,khray,,,khray
15,rkhis smina,,,
15,contre plaqué,,,
15,sefah khbach,,,
15,3ati9a refada,,,
15,ya 106,,,
15,mbaghl,,,
16,"الخيال : nasa
الواقع ؛ تقراو فسيدي عبدالله shift f4 تخلاص عليكم تبيعو التيليفونات فبيلفور",,,
17,Zenji hhhhhhhh,,,
18,ڤالك وحد حدايدي تزوج تصدى,,,
20,ڤالك واحد سخن القهوة تعراتلو,,,
21,ڤالك وحد اسمو معمر طل مالتاقة دفڤ,,,
22,نتشر بزاف التنمر ف هاذ الوقت بين المجتمع سواء كان فل ثانويات ولا متوسطات ولا مدارس و يكون هذا التنمر بين التلاميذ ولا بين الناس الكبار يعني ناس ماهمش واعيين علا واش راهم يديرو,,,
22,تلقا تلاميذ يتنمرو علا بعضاهم مل الناحية المادية ولا اي حاجة كيما يتنمرو علا اللبسة تع باضهم باض ولا علا دوزان تع القرايا ولا بين واحد فقير و واحد عندو دراهم يعني هاذو المتنمرين جايين متكبرين يحبو يتكبرو عل ناس و يبينولهم بلي حنا خير منكم,,,
22,"كاين عبارات يقولوها المتنمرين كيما ""شوفو واش راه لابس شاري حوايجو ملخردة"" ""شوفي شعرها مسخ "" شوفي صباطها كيفاش داير ما تبدلش كامل قشها "" ولا يكون التنمر بالعنف كيما الضرب تقوللها ولا يقولو "" أخرج برا نتفاهم معاك "" ""عشيا اسانيني برا نتفاهم معاك "" يضربو واحد ضعيف ولا يشوفوه ما يعرفش يدافع علا روحو تصيب واحد عايش برا ما عندوش دار و واحد عندو دار كي يجوز عليه يعفس عليه ولا واحد عندو طونوبيل قديمة و واحد جديدة يقولو "" يا الفقير"" نتا ما عندكش دراهم باش تشري""",,,
23,قهوي,,,9ahwi
,زنجي,,,zanji
,بوراص,,,bouras
,لعمر,,,l3mor
,مصنطح,,,msenta7
25,الطويل,,,twil
25,القصير,,,9sir
25,لكحل,,,lekhel
25,بوراس,,,bouzas
25,بعوشة,,,be3oucha
26,"قهوي 
",,,kahwi
,كافي,,,kafi
,جبري,,,jebri
,عميق,,,3ami9
,سمينة,,,smina
,مناطق الظل,,,manati9 dil
,,,,
,"
مناطق الشمس",,,manati9 chams
,,,,
,,,,
,,,,
,,,,
29,كوجاكا,,,kojaka
,,,,
31,زهوانية,,,zahwaniya
34,Bahloul,,,
34,jayeh,,,
34,3war,,,
34,kalb,,,
34,bghal,,,
34,haycha,,,
34,mongol,,,
35,بشعة,,,bach3a
,سمينة,,,smina
,قردة,,,9erda
,,,,
,,,,
,,,,
,,,,
,,,,
,,,,
,,,,
38,دايرة كي لخرا,,,dayra ki lkhra
40,Matchebeh l walo,,,
,,,,
,,,,
,,,,
46,كحلوش,,,kahlouch
,,,,
47,قبايلية,,,9bayliya
,مسخة,,,mweskha
47,نيفك كبير,,,nifek kbir
48,خبيث,,,khabith
,ديوث,,,dayouth
,احمق,,,a7ma9
,,,,
,,,,
51,matchebah lwalou,,,
51,kahloucha,,,
,,,,
,,,,
,,,,
,,,,
57,برميل,,,bermil
,سيمي,,,semi
58,رقبتها طويلة,,,re9betha twila
59,القذف,,,9adf
,كعبة,,,ke3ba
,جلفة,,,djelfa
,حميدة الستار,,,hmida settar
,,,,
,,,,
,,,,
,,,,
,السمينين,,,sminin
,,,,
,السمينات,,,sminat
,,,,
63,حميدة ستار,,,hmida setar
63,عايشة راجل,,,3aycha rajel
63,مثقوبة,,,meth9ouba
63,كهل,,,kahl
63,جلفاوي,,,djelfawi
,,,,
,,,,
,,,,
65,الكعبة,,,ke3ba
65,المرأة المثقفة,,,mar2a moutha9afa
65,الجامعية,,,jami3iya
65,بلاصتك فالكوزينة,,,blastek flkouzina
,,,,
,,,,
,,,,
70,ن,,,nm
70,م ( نحن معكم ),,,
,,,,
70,مناطق الذل,,,manati9 thoul
70,بنات الفاميلية,,,bnet familya
70,ولاد لحبيبة,,,wled lhbiba
,,,,
,,,,
,,,,
,,,,
,,,,
80,تعيفي,,,t3yfi
81,مدحدح,,,mde7de7
81,مكور,,,mkouwer
82,سلوقي,,,slougi
82,قريب يخلاص,,,9rib yekhlas
83,يشبه لشادي,,,ychebeh lchadi
84,مصفار,,,mesfar
85,حاشا خليقة ربي,,,hacha khli9et rbi
86,سمينة بقرة,,,smina begra
86,ضعيفة اكسترا بلا,,,d3ifa extra plat
86,اكوص,,,akos
86,طويل يطل على غدوة,,,twil ytol 3la ghedwa
86,قصير قزم,,,9sir 9azam
86,شعرو احرش خزم,,,cha3rou a7rach khzem
86,كحلوشة صدقة صدقة,,,kehloucha sadaka sadaka
87,نص بنادم و ديري في تيك توك,,,nos bnadem w diri tiktok
90,قصيرة,,,9sira
,,,,
,,,,
,,,,
,,,,
,,,,
,,,,
,,,,
98,زفافة تاع النظام,,,zefafa ta3 nidam
99,كيفاش مواسي,,,kifech mwasi
99,كي دايرة,,,ki dayra
,,,,
103,trmtk,,,
,,,,
106,تسكن في بسكره,,,teskoun fi beskra
,,,,
,,,,
,,,,
,,,,
,,,,
,,,,
114,زعيم التحلاب,,,
,,,,
,,,,
,,,,
,,,,
,,,,
,كعبة,,,ke3ba
,بايرة,,,bayra
,,,,
,,,,
,,,,
,,,,
,,,,
,,,,
,,,,
,,,,
127,ملحدة,,,moul7ida
,,,,
,,,,
128,الفاشل,,,fachel
,,,,
130,ضعيف,,,d3if
,,,,
,,,,
,,,,
,,,,
,تافه,,,tafeh
132,الكذب داير ظل,,,kdeb dayer dal
,,,,
,,,,
,,,,
,,,,
,,,,
136,لحاس بوصبع لقبايل اسيادك لقبايل اللي حرروك,,,
,,,,
138,كلبة,,,kelba
,حيوانة,,,7ayawana
,قحبة,,,9a7ba
,خامجة,,,khamja
,,,,
,,,,
141,بو صبع,,,bousba3
,,,,
,,,,
144,Niveau bas,,,
,,,,
146,مرت البدي,,,mert lboudi
,,,,
,,,,
,,,,
152,فقير,,,fa9ir
,,,,
,,,,
156,مزابي,,,mzabi
,البخيل,,,bakhil
,,,,
,,,,
,,,,
,,,,
,,,,
,,,,
164,لوزة,,,lawza
165,تقول تاع مالي,,,tgoul ta3 mali
,,,,
,,,,
,,,,
169,دابة,,,daba
,,,,
,,,,
171,يا بورورو,,,ya bourourou
171,راك حرقت لفرانات,,,rak hragt lfranat
173,صاشي,,,sachi
174,صبع لزرق,,,sba3 lzre9
175,موقرااان,,,mo9ran
176,زوافي,,,zouwafi
177,بني عربووون,,,bni 3arboun
,,,,
180,أدبية,,,adabiya
,,,,
,,,,
,,,,
184,عبد قديم,,,3ebd 9dim
184, كهول,,,kouhoul
184,زمن الطاباشير,,,zaman tabachir
,,,,
,,,,
,,,,
188,وجهك اصفر كي لفعة,,,wejhek asfar ki lef3a
189,سنيك بناء فوضاوي,,,snik binaa fawdawi
,,,,
191,اسمط عبد,,,asmat 3ebd
191,علاه نتا بنادم,,,3leh nta bnadem
,,,,
193,دراما,,,drama
,,,,
,,,,
195,انفو كبير,,,nifou kbir
,,,,
197,قهوة,,,9ahwa
,,,,
199,بقرة,,,begra
200,دايرة كي شكوبي,,,dayra ki chkoupi
200,حاسبة روحها حاجة,,,hasba ro7ha haja
,,,,
,,,,
202,غمالة,,,ghmala
203,لم اشهد,,,lam achhad
204,شوابين لايت,,,chwabin lite
204,مغندف,,,mghendef
204,انوش مافيا,,,anouch mafia
,,,,
206,اقرع,,,a9ra3
207,فومبير,,,vampire
208,راسو كوجاكة,,,rasou kojaka
,,,,
210,كرعين الجاج,,,ker3in ljaj
,,,,
212,وجهك كاري,,,wejhek care
,,,,
,,,,
,,,,
,,,,
,,,,
,,,,
,,,,
,,,,
,,,,
,,,,
223,معقدة,,,m3a9da
,,,,
,,,,
228,زرافة,,,zarafa
228,بزبز,,,bezbez
228,ماميدو,,,mamidou
228,وجه القرمودة,,,wjeh 9armouda
228,باص,,,bas
,,,,
229,مقبور,,,me9bour
,,,,
,,,,
,,,,
,,,,
,,,,
,,,,
236,Mzkem,,,
237,متحول,,,mouta7awil
238,الزنجي,,,zenji
,,,,
,,,,
,,,,
,,,,
,,,,
,,,,
,غاي,,,gay
,لامبا,,,lamba
,كاروتا,,,karota
,بطريقا,,,betri9a
,سلغوط,,,selghot
,,,,
,ميبون,,,meghboun
,زنجي,,,zenji
,مبوق,,,mbouwe9
,حابس,,,habes
,ضعيف,,,d3if
,لامبا,,,lamba
,حمار,,,hmar
,كاروتا,,,karota
,بطريق,,,betri9
,دب,,,doub
,,,,
,,,,
245,كوجاكة,,,kojaka
246,أسود,,,aswad
247,زنجي,,,zinji
,,,,
,,,,
,,,,
,,,,
,,,,
,,,,
,,,,
,,,,
,,,,
,,,,
,,,,
,,,,
,زبال,,,zebal
,رقيقة,,,r9i9a
,مطرق,,,metreg
,,,,
,,,,
251,بتية غاز,,,betiya gaz
252,محريقة,,,mou7ray9a
254,فنك,,,fenek
255,دويرة,,,dwira
256,سباقيتي تمشي,,,spaghetti temchi
257,الدب القطبي,,,doub l9otbi
258,دوبرمان,,,doberman
260,زيك يعيف,,,ziyek y3iyef
260,تعبان,,,te3ban
260,ماكش راجل,,,makch rajel
260,حمام بلا كاسة,,,hmam bla kassa
260,ماكش نتاعها,,,makch nta3ha
260,راسك بيدون,,,rasek bidoun
260,حمامة,,,hmama
260,فاشل,,,fachel
260,مضبع,,,mdeba3
260,عريان,,,3eryan
260,فرعون,,,fer3oun
260,بوجبهة,,,boujebha
260,سلقوط,,,sel9ot
260,لحكل,,,lek7al
260,بوكرش,,,boukerch